ID,가맹점명,사업장주소,가맹점업종명,동네,lat,lng,status
143,아메리칸핫도그 조대점,광주광역시 동구 필문대로273번길 32-1,일반한식,서석동,35.1455032978293,126.93076970121,located
351,양치과,광주광역시 동구 중앙로 337,치과의원,계림동,35.1618064599688,126.920060246925,located
400,신세계슈퍼문구,못 찾음 (제외),문구용 품,계림동,,,excluded
420,이지클래스피아노학원,"광주광역시 동구 동계로 79, 2층 (계림동)",예체능학원,계림동,35.1584354812208,126.923861841672,located
681,컴브리,"광주광역시 동구 서석로 56 금남로지하상가 C29,30",정장,충장로3가,35.1478384174223,126.920021781811,located
976,중앙주단,못 찾음 (제외),맞춤복 점,학동,,,excluded
1148,전남피아노사,광주광역시 동구 제봉로 69,피아노대리점,서석동,35.1447510184512,126.921313112066,located
1463,삼양마크사,광주광역시 동구 충장로 13-1,기타잡화,금남로5가,35.1523577426532,126.910474749095,located
1753,모녀혜숙상회,광주광역시 동구 양림로 124-1,농축수산품,학동,35.1401687035645,126.921496931496,located
1785,유앤아이모터스,광주광역시 동구 밤실로116번길 4,자동차정비,산수동,35.1575372122996,126.935729166983,located
1851,풀하우스,광주광역시 동구 서석로 56 금남로지하상가 A21,스포츠레져용품,금남로1가,35.1478384174223,126.920021781811,located
1875,행운마트,광주광역시 동구 구성로 274-1 행운마트,슈퍼 마켓,계림동,35.1582496643377,126.920148896451,located
1887,고흥상회,광주광역시 동구 양림로 120,농축수산품,학동,35.1399887854843,126.921348419544,located
1898,밥사랑술사랑,광주광역시 동구 필문대로287번길 8,일반한식,서석동,35.1454881242984,126.927782871143,located
1973,승배상회,광주광역시 동구 양림로 120 남광주시장 1통로,농축수산품,학동,35.1399887854843,126.921348419544,located
1989,전대예원음악학원,광주광역시 동구 무등로 374,예체능학원,계림동,35.1587794291597,126.923988069423,located
1993,정관장전남대병원오거리점,광주광역시 동구 문화전당로 3 1층,홍삼 제품,남동,35.142892085417,126.920127356677,located
2071,애플스토리,광주광역시 동구 서석로 56 금남지하상가,정장,금남로1가,35.1478384174223,126.920021781811,located
2282,고흥수산,광주광역시 동구 양림로 120,농축수산품,학동,35.1399887854843,126.921348419544,located
2334,정성수산,광주광역시 동구 양림로 124-1,농축수산품,학동,35.1401687035645,126.921496931496,located
2436,만선홍어,광주광역시 동구 동계천로 62 만선홍어,농축수산품,대인동,35.1536188612188,126.918425537808,located
2443,대동약국,광주광역시 동구 백서로125번길 25,약국,금동,35.1439652999497,126.91791392621,located
2670,남광수산,광주광역시 동구 양림로 124-1,농축수산품,학동,35.1401687035645,126.921496931496,located
3026,유림,광주광역시 동구 서석로 56 금남하도상가 C동 3~4호,정장,충장로3가,35.1478384174223,126.920021781811,located
3029,트레인,"광주광역시 동구 중앙로 187 충금지하상가 G4,5",정장,충장로3가,35.1498968925595,126.915043549906,located
3401,누리개발,못 찾음 (제외),기타용역서비스,지산동,,,excluded
3411,맥스타,광주광역시 동구 문화전당로 15-2,출판인쇄물,남동,35.1441353427537,126.919595788214,located
3412,제일기획,광주광역시 동구 문화전당로 9-3,종합용역,남동,35.143561821151,126.919890442539,located
3415,제일보청기,광주광역시 동구 문화전당로 9-3 1층,기타의료기관및기타의료기기,남동,35.143561821151,126.919890442539,located
3526,호남제과전문학원,광주광역시 동구 중앙로 170 3층 호남제과전문학원,기타 교육,금남로1가,35.1489073034187,126.914169492856,located
3606,카프카하우스,광주광역시 동구 동계천로 132 102호,악세 사리,장동,35.1495018823912,126.923803110811,located
3646,노다지,광주광역시 동구 금남로 161-14,일반한식,금동,35.1532661479089,126.911970500096,located
3701,광수상회,광주광역시 동구 제봉로184번길 4,농축수산품,대인동,35.1530489227892,126.917481506304,located
3778,공스타관리형독서실,제외,독서실,운암동,,,excluded
3830,동진카,제외,카인테리어,학동,,,excluded
3842,50면옥,제외,일반한식,대인동,,,excluded
