"가맹점ID","가맹점명","현재주소","현재전화번호","기존조폐공사제외사유","출처API","인허가사업장명","인허가도로명주소","후보전화번호","영업상태","상세영업상태","원본최종수정일","데이터갱신일","관리번호","검토결과"
"120","IT슈","광주 동구 계림로20번길 2 ,1층 (산수동)","","no_exact_match","제과점영업","it슈","전남광주통합특별시 동구 계림로20번길 2, 1층 (산수동)","062-222-9640","영업/정상","영업","2017-04-28 11:45:45","2026-07-14 11:38:15","5805000-121-2017-00008","상호·상세주소 일치 / 단일 번호"
"210","라 롱드 꺄레","광주 동구 의재로136번길 35 ,1층 (운림동)","","missing_or_invalid_phone","일반음식점","라 롱드 꺄레","전남광주통합특별시 동구 의재로136번길 35, 1층 (운림동)","062-232-3375","영업/정상","영업","2019-07-12 15:53:17","2026-07-14 11:38:15","5805000-101-2019-00109","상호·상세주소 일치 / 단일 번호"
"369","배달삼겹돼지되지","광주 동구 필문대로287번길 15-13 (지산동)","","missing_or_invalid_phone","일반음식점","배달삼겹돼지되지","전남광주통합특별시 동구 필문대로287번길 15-13 (지산동)","062-233-8592","영업/정상","영업","2025-07-15 10:29:13","2026-07-14 11:38:15","5805000-101-2000-00235","상호·상세주소 일치 / 단일 번호"
"664","스터디온","광주 동구 필문대로287번길 23-4 (지산동)","","missing_or_invalid_phone","일반음식점","스터디온","전남광주통합특별시 동구 필문대로287번길 23-4 (지산동)","062-223-5841","영업/정상","영업","2020-12-22 09:56:40","2026-07-14 11:38:15","5805000-101-2001-00118","상호·상세주소 일치 / 단일 번호"
"805","보울레시피 충장점","광주 동구 중앙로160번길 31-35 1층 (황금동)","","missing_or_invalid_phone","일반음식점","보울레시피 충장점","전남광주통합특별시 동구 중앙로160번길 31-35, 1층 (황금동)","062-222-8230","영업/정상","영업","2025-03-18 17:32:00","2026-07-14 11:38:15","5805000-101-2021-00156","상호·상세주소 일치 / 단일 번호"
"989","낙지한마당","광주 동구 예술길 36 (대의동)","","no_exact_match","일반음식점","낙지한마당","전남광주통합특별시 동구 예술길 36 (대의동)","062-225-1171","영업/정상","영업","2007-10-05 14:18:18","2026-07-14 11:38:15","5805000-101-1983-00015","상호·상세주소 일치 / 단일 번호"
"1076","일품 양평해장국 계림점","광주 동구 경양로 234 상가119동 1층 804호 (계림동, 그랜드센트럴)","","no_exact_match","일반음식점","일품 양평해장국 계림점","전남광주통합특별시 동구 경양로 234, 상가119동 1층 804호 (계림동, 그랜드센트럴)","062-434-1508","영업/정상","영업","2024-04-01 18:05:12","2026-07-14 11:38:15","5805000-101-2022-00199","상호·상세주소 일치 / 단일 번호"
"1212","현대김밥","광주 동구 백서로 157 1층 (서석동)","","missing_or_invalid_phone","일반음식점","현대김밥","전남광주통합특별시 동구 백서로 157, 1층 (서석동)","062-223-8828","영업/정상","영업","2023-06-30 09:58:38","2026-07-14 11:38:15","5805000-101-2015-00028","상호·상세주소 일치 / 단일 번호"
"1276","베러먼데이 전남대병원점","광주 동구 제봉로 17 1층 (학동)","","missing_or_invalid_phone","휴게음식점","베러먼데이 전남대병원점","전남광주통합특별시 동구 제봉로 17, 1층 (학동)","062-233-9088","영업/정상","영업","2023-10-19 14:47:04","2026-07-14 11:38:15","5805000-104-2018-00075","상호·상세주소 일치 / 단일 번호"
"1328","타잔 TA-JAN","광주 동구 의재로136번길 32-1 1층 (운림동)","","conflicting_phones","일반음식점","타잔 TA-JAN","전남광주통합특별시 동구 의재로136번길 32-1, 1층 (운림동)","062-233-7676","영업/정상","영업","2018-11-16 16:22:00","2026-07-14 11:38:15","5805000-101-2018-00167","상호·상세주소 일치 / 단일 번호 / 조폐공사 번호 충돌 이력 확인 필요"
"1438","신전떡볶이 조대점","광주 동구 필문대로287번길 15-29 (지산동)","","missing_or_invalid_phone","일반음식점","신전떡볶이 조대점","전남광주통합특별시 동구 필문대로287번길 15-29 (지산동)","062-226-2525","영업/정상","영업","2022-05-06 17:51:06","2026-07-14 11:38:15","5805000-101-2000-00241","상호·상세주소 일치 / 단일 번호"
"1551","아멜리아","광주 동구 경양로 234 상가 117동 1층 617호 (계림동, 그랜드센트럴)","","missing_or_invalid_phone","휴게음식점","아멜리아","전남광주통합특별시 동구 경양로 234, 상가117동 1층 617호 (계림동, 그랜드센트럴)","062-714-1312","영업/정상","영업","2025-01-02 19:27:49","2026-07-14 11:38:15","5805000-104-2022-00073","상호·상세주소 일치 / 단일 번호"
"1792","임실치즈피자","광주 동구 구성로152번길 24 1층 (호남동)","","no_exact_match","일반음식점","임실치즈피자","전남광주통합특별시 동구 구성로152번길 24, 1층 (호남동)","062-226-9595","영업/정상","영업","2019-11-12 17:29:42","2026-07-14 11:38:15","5805000-101-2006-00154","상호·상세주소 일치 / 단일 번호"
"2633","드시락","광주 동구 중앙로196번길 29 1층 (대의동)","","no_exact_match","일반음식점","드시락","전남광주통합특별시 동구 중앙로196번길 29, 1층 (대의동)","062-228-1410","영업/정상","영업","2020-11-19 17:01:21","2026-07-14 11:38:15","5805000-101-2020-00168","상호·상세주소 일치 / 단일 번호"
"2634","두껍베이커리","광주 동구 제봉로 88 1층 (서석동)","","no_exact_match","휴게음식점","두껍베이커리","전남광주통합특별시 동구 제봉로 88, 1층 (서석동)","062-716-1410","영업/정상","영업","2024-12-02 18:25:30","2026-07-14 11:38:15","5805000-104-2021-00081","상호·상세주소 일치 / 단일 번호"
"2703","뽁식당 광주동명동","광주 동구 동계천로 126-5 1층 (장동)","","missing_or_invalid_phone","일반음식점","뽁식당 광주동명동","전남광주통합특별시 동구 동계천로 126-5, 1층 (장동)","062-461-8222","영업/정상","영업","2025-09-09 15:42:18","2026-07-14 11:38:15","5805000-101-2018-00027","상호·상세주소 일치 / 단일 번호"
"3087","금향","광주 동구 중앙로272번길 4 (계림동)","","missing_or_invalid_phone","일반음식점","금향","전남광주통합특별시 동구 중앙로272번길 4 (계림동)","062-224-1214","영업/정상","영업","2012-03-09 14:18:58","2026-07-14 11:38:15","5805000-101-1988-00008","상호·상세주소 일치 / 단일 번호"
"3173","컴포즈커피계림점","광주 동구 무등로384번길 29 1-2층 (계림동)","","inactive","일반음식점","컴포즈커피계림점","전남광주통합특별시 동구 무등로384번길 29, 1-2층 (계림동)","062-413-2475","영업/정상","영업","2024-09-30 09:59:55","2026-07-14 11:38:15","5805000-101-2020-00030","상호·상세주소 일치 / 단일 번호 / 조폐공사와 영업·등록 상태 차이 확인 필요"
"3229","황금밥상","광주 동구 지산로85번길 2-1 ,1층 (지산동)","","missing_or_invalid_phone","일반음식점","황금밥상","전남광주통합특별시 동구 지산로85번길 2-1, 1층 (지산동)","062-222-5043","영업/정상","영업","2018-06-14 09:37:56","2026-07-14 11:38:15","5805000-101-2016-00060","상호·상세주소 일치 / 단일 번호"
"3264","박순자 녹두집","광주 동구 구성로 204번길 26 (대인동)","","no_exact_match","일반음식점","박순자녹두집","전남광주통합특별시 동구 구성로204번길 26 (대인동)","062-227-2179","영업/정상","영업","2018-03-21 10:26:45","2026-07-14 11:38:15","5805000-101-2014-00016","상호·상세주소 일치 / 단일 번호"
"3552","또바기","광주 동구 금남로 162-3 ,1층 (금남로5가)","","missing_or_invalid_phone","일반음식점","또바기","전남광주통합특별시 동구 금남로 162-3, 1층 (금남로5가)","062-222-8151","영업/정상","영업","2025-01-20 17:12:10","2026-07-14 11:38:15","5805000-101-2016-00103","상호·상세주소 일치 / 단일 번호"
"3771","컴포즈커피 광주법원점","광주 동구 지산로 92 1층 (지산동)","","missing_or_invalid_phone","휴게음식점","컴포즈커피 광주법원점","전남광주통합특별시 동구 지산로 92, 1층 (지산동)","062-710-5053","영업/정상","영업","2022-03-16 09:34:29","2026-07-14 11:38:15","5805000-104-2022-00013","상호·상세주소 일치 / 단일 번호"
"3780","시골집","광주 동구 제봉로110번길 21 1,2층 (장동)","","missing_or_invalid_phone","일반음식점","시골집","전남광주통합특별시 동구 제봉로110번길 21, 1,2층 (장동)","070-8860-7897","영업/정상","영업","2023-06-01 15:57:45","2026-07-14 11:38:15","5805000-101-2018-00113","상호·상세주소 일치 / 단일 번호"
"3796","컴포즈커피 광주충장로점","광주 동구 충장로 103 1층 (충장로1가)","","missing_or_invalid_phone","휴게음식점","컴포즈커피 광주충장로점","전남광주통합특별시 동구 충장로 103, 1층 (충장로1가)","070-7543-8901","영업/정상","영업","2026-01-02 11:29:35","2026-07-14 11:38:15","5805000-104-2019-00045","상호·상세주소 일치 / 단일 번호"
"3811","텐퍼센트커피 광주산수푸른길점","광주 동구 동명로69번길 28 1층 (산수동)","","inactive","일반음식점","텐퍼센트커피 광주산수푸른길점","전남광주통합특별시 동구 동명로69번길 28, 1층 (산수동)","062-462-8488","영업/정상","영업","2026-02-25 14:42:15","2026-07-14 11:38:15","5805000-101-2018-00093","상호·상세주소 일치 / 단일 번호 / 조폐공사와 영업·등록 상태 차이 확인 필요"
"3881","왕손피자","광주 동구 경양로 360-1 1층 (산수동)","","inactive","일반음식점","왕손피자","전남광주통합특별시 동구 경양로 360-1, 1층 (산수동)","062-229-1682","영업/정상","영업","2022-06-14 15:36:40","2026-07-14 11:38:15","5805000-101-2021-00103","상호·상세주소 일치 / 단일 번호 / 조폐공사와 영업·등록 상태 차이 확인 필요"
"3885","다함께하는왕갈비","광주 동구 제봉로194번길 15 1층 (대인동)","","missing_or_invalid_phone","일반음식점","다함께하는 왕갈비","전남광주통합특별시 동구 제봉로194번길 15, 1층 (대인동)","062-263-9999","영업/정상","영업","2015-06-16 16:05:44","2026-07-14 11:38:15","5805000-101-2015-00099","상호·상세주소 일치 / 단일 번호"
"4006","벌크커피 금남로점","광주 동구 예술길 2 1층 (궁동)","","inactive","휴게음식점","벌크커피 금남로점","전남광주통합특별시 동구 예술길 2, 1층 (궁동)","062-222-5286","영업/정상","영업","2020-07-30 12:02:23","2026-07-14 11:38:15","5805000-104-2020-00043","상호·상세주소 일치 / 단일 번호 / 조폐공사와 영업·등록 상태 차이 확인 필요"
"4013","맛나분식","전남광주통합특별시 동구 경양로 360-1 1층 (산수동)","","inactive","일반음식점","맛나분식","전남광주통합특별시 동구 경양로 360-1, 1층 (산수동)","062-373-6457","영업/정상","영업","2026-05-08 10:44:32","2026-07-14 11:38:15","5805000-101-2024-00139","상호·상세주소 일치 / 단일 번호 / 조폐공사와 영업·등록 상태 차이 확인 필요"
"4036","엄마네빵집","전남광주통합특별시 동구 제봉로 220 1층 (대인동)","","inactive","제과점영업","엄마네 빵집","전남광주통합특별시 동구 제봉로 220, 1층 (대인동)","062-224-8238","영업/정상","영업","2026-09-30 11:08:42","2026-10-01 22:16:10","5805000-121-2026-00030","상호·상세주소 일치 / 단일 번호 / 조폐공사와 영업·등록 상태 차이 확인 필요"
