"가맹점ID","가맹점명","현재주소","기존제외사유","조폐공사상호명","조폐공사주소","후보전화번호","상호비교","주소비교","검토사항","원본기준일","제공기관","중복원본행수"
"58","G-MART","광주 동구 운림길 24 (운림동)","no_exact_match","G-Mart","광주 동구 운림길 24 (운림동)","062-228-9433","법인·기호 표기 차이","상세주소 일치","기존 번호 충돌·제외 사유 확인","20220601","I0000007","1"
"64","카페다이닝BY엔제리너스","광주 동구 증심사길 25 , 3층 (운림동)","no_exact_match","카페다이닝by엔제리너스","광주 동구 증심사길 25 , 3층 (운림동)","062-956-0234","법인·기호 표기 차이","상세주소 일치","기존 번호 충돌·제외 사유 확인","20220627","I0000007","1"
"84","EASY NAIL (이지네일)","광주 동구 동명로 71 , 1층 (지산동)","no_exact_match","easy nail (이지네일)","광주 동구 동명로 71 , 1층 (지산동)","062-417-0327","법인·기호 표기 차이","상세주소 일치","기존 번호 충돌·제외 사유 확인","20220616","I0000007","1"
"90","이마트24 광주유정점","광주 동구 무등로306번길 35-1 (계림동)","conflicting_phones","이마트24광주유정점","광주 동구 무등로306번길 35-1 (계림동)","062-223-2218","상호 일치(공백 제외)","상세주소 일치","기존 번호 충돌·제외 사유 확인","20220610","I0000007","1"
"90","이마트24 광주유정점","광주 동구 무등로306번길 35-1 (계림동)","conflicting_phones","이마트24 광주유정점","광주 동구 무등로306번길 35-1 (계림동)","062-223-2298","상호 일치(공백 제외)","상세주소 일치","기존 번호 충돌·제외 사유 확인","20220610","I0000007","1"
"120","IT슈","광주 동구 계림로20번길 2 ,1층 (산수동)","no_exact_match","it슈","광주 동구 계림로20번길 2 ,1층 (산수동)","062-222-9640","법인·기호 표기 차이","상세주소 일치","기존 번호 충돌·제외 사유 확인","20210309","I0000007","1"
"178","대한불교조계종증심사","광주 동구 증심사길 177 (운림동)","conflicting_phones","대한불교조계종증심사","광주 동구 증심사길 177 증심사 (운림동)","062-226-0107","상호 일치(공백 제외)","도로명·건물번호 일치 / 상세주소 차이","층·호수·건물명·괄호 위치 확인 필요","20221007","I0000007","1"
"178","대한불교조계종증심사","광주 동구 증심사길 177 (운림동)","conflicting_phones","대한불교조계종증심사","광주 동구 증심사길 177 (운림동)","062-226-0107","상호 일치(공백 제외)","상세주소 일치","기존 번호 충돌·제외 사유 확인","20221007","I0000007","2"
"178","대한불교조계종증심사","광주 동구 증심사길 177 (운림동)","conflicting_phones","대한불교조계종증심사","광주 동구 증심사길 177 (운림동)","062-226-0108","상호 일치(공백 제외)","상세주소 일치","기존 번호 충돌·제외 사유 확인","20221007","I0000007","2"
"201","레드 V.R","광주 동구 충장로 101-3 1층 (충장로1가)","no_exact_match","레드V.R","광주 동구 충장로 101-3 (충장로1가)","062-226-7787","상호 일치(공백 제외)","도로명·건물번호 일치 / 상세주소 차이","층·호수·건물명·괄호 위치 확인 필요","20220629","I0000007","1"
"225","CARHARTT","광주 동구 충장로 74-1 (충장로3가)","no_exact_match","carhartt","광주 동구 충장로 74-1 (충장로3가)","062-433-0926","법인·기호 표기 차이","상세주소 일치","기존 번호 충돌·제외 사유 확인","20210303","I0000007","1"
"307","CAFE 38 BLOCK/(주)현윤에프엔비","광주 동구 문화전당로 38 AC-254호(광산동)","no_exact_match","cafe 38 BLOCK/(주)현윤에프엔비","광주 동구 문화전당로 38 AC-254호(광산동)","062-710-8990","법인·기호 표기 차이","상세주소 일치","기존 번호 충돌·제외 사유 확인","20250310","I0000007","1"
"319","고우고","광주 동구 계림로 16-1 1층 102호 (산수동)","no_exact_match","고우고","광주 동구 계림로 16-1 (산수동)","070-7614-3579","상호 일치(공백 제외)","도로명·건물번호 일치 / 상세주소 차이","층·호수·건물명·괄호 위치 확인 필요 / 동일 번호가 10개 이상 상호에 등록됨: 대표/임시번호 여부 확인","20220801","I0000007","1"
"365","아리따움학동아이파크점","광주 동구 남문로753번길 20 상가 B동 1층 114호 (학동, 무등산아이파크)","no_exact_match","아리따움학동아이파크점","광주광역시 동구 남문로753번길 20 ,114호(학동, 무등산아이파크)","062-465-1111","상호 일치(공백 제외)","도로명·건물번호 일치 / 상세주소 차이","층·호수·건물명·괄호 위치 확인 필요","20220614","I0000007","1"
"412","스튜디오포토비스타(FOTO VISTA)","광주 동구 동계천로 81 (동명동)","no_exact_match","스튜디오포토비스타(Foto Vista)","광주 동구 동계천로 81 (동명동)","062-223-2251","법인·기호 표기 차이","상세주소 일치","기존 번호 충돌·제외 사유 확인","20220530","I0000007","1"
"485","지오지오(ZIO ZIO)헤어샵","광주 동구 서석로85번길 8-8 (대의동)","no_exact_match","지오지오(zio zio)헤어샵","광주 동구 서석로85번길 8-8 (대의동)","062-234-8818","법인·기호 표기 차이","상세주소 일치","기존 번호 충돌·제외 사유 확인","20210310","I0000007","1"
"536","BHC 27번가 금남로점","광주 동구 중앙로196번길 27 (대의동)","no_exact_match","bhc 27번가 금남로점","광주 동구 중앙로196번길 27 (대의동)","062-223-2727","법인·기호 표기 차이","상세주소 일치","기존 번호 충돌·제외 사유 확인","20210616","I0000007","1"
"627","인살롱(IN : SSALON)","광주 동구 경양로 234 , 119동 807호 (계림동, 광주그랜드센트럴 단지내상가)","no_exact_match","인살롱(In : ssalon)","광주 동구 경양로 234 , 119동 807호 (계림동, 광주그랜드센트럴 단지내상가)","062-233-1202","법인·기호 표기 차이","상세주소 일치","기존 번호 충돌·제외 사유 확인","20210618","I0000007","1"
"665","단비컨츄리 카페다","광주 동구 무등로 514 단비컨츄리카페다 (산수동)","no_exact_match","단비컨츄리 카페다","광주 동구 무등로 514 1층 (산수동)","062-228-5673","상호 일치(공백 제외)","도로명·건물번호 일치 / 상세주소 차이","층·호수·건물명·괄호 위치 확인 필요","20220614","I0000007","1"
"709","오키(OKI)","광주 동구 동계로15번길 29 1층 (동명동)","no_exact_match","오키(OKi)","광주 동구 동계로15번길 29 1층 (동명동)","062-123-1234","법인·기호 표기 차이","상세주소 일치","기존 번호 충돌·제외 사유 확인 / 동일 번호가 10개 이상 상호에 등록됨: 대표/임시번호 여부 확인","20220530","I0000007","1"
"739","유 PLLATES & YOGA","광주 동구 화산로 257 5층 502,503호 (용산동, 부용빌딩)","no_exact_match","유 Pllates & Yoga","광주 동구 화산로 257 5층 502,503호 (용산동, 부용빌딩)","062-464-3647","법인·기호 표기 차이","상세주소 일치","기존 번호 충돌·제외 사유 확인","20210828","I0000007","1"
"897","투썸플레이스 광주계림스테이션점","광주 동구 무등로 405 1층 102호일부, 103호일부 (계림동)","missing_or_invalid_phone","투썸플레이스 광주계림스테이션점","광주 동구 무등로 405 (계림동)","062-417-7979","상호 일치(공백 제외)","도로명·건물번호 일치 / 상세주소 차이","층·호수·건물명·괄호 위치 확인 필요","20261001","I0000007","1"
"1072","속옷나라","광주 동구 의재로 25 (학동)","conflicting_phones","속옷나라","광주 동구 의재로 25 (학동)","062-236-0766","상호 일치(공백 제외)","상세주소 일치","기존 번호 충돌·제외 사유 확인","20221114","I0000007","1"
"1081","코어(CORE)","광주 동구 중앙로160번길 15-4 (황금동)","no_exact_match","코어(core)","광주 동구 중앙로160번길 15-4 (황금동)","070-8612-9729","법인·기호 표기 차이","상세주소 일치","기존 번호 충돌·제외 사유 확인","20230301","I0000007","1"
"1094","캐롯커피(CARROT COFFEE)","광주 동구 충장로 95-1 (충장로1가)","no_exact_match","캐롯커피(carrot coffee)","광주 동구 충장로 95-1 (충장로1가)","070-7614-3579","법인·기호 표기 차이","상세주소 일치","기존 번호 충돌·제외 사유 확인 / 동일 번호가 10개 이상 상호에 등록됨: 대표/임시번호 여부 확인","20221215","I0000007","1"
"1119","업앤다운(UP&DOWN) PC","광주 동구 지산로 9 2층 3층(지산동)","no_exact_match","업앤다운(Up&Down) PC","광주 동구 지산로 9 2층 3층(지산동)","070-8609-6459","법인·기호 표기 차이","상세주소 일치","기존 번호 충돌·제외 사유 확인","20230219","I0000007","1"
"1317","더(THE)울림교육센터","광주 동구 무등로 326-1 3층 설산회관 (계림동)","no_exact_match","더(The)울림교육센터","광주 동구 무등로 326-1 3층 설산회관 (계림동)","062-222-7900","법인·기호 표기 차이","상세주소 일치","기존 번호 충돌·제외 사유 확인","20250521","I0000007","1"
"1328","타잔 TA-JAN","광주 동구 의재로136번길 32-1 1층 (운림동)","conflicting_phones","타잔TA-JAN","광주 동구 의재로136번길 32-1 ,1층 (운림동)","062-233-7676","상호 일치(공백 제외)","상세주소 일치","기존 번호 충돌·제외 사유 확인","20220608","I0000007","1"
"1328","타잔 TA-JAN","광주 동구 의재로136번길 32-1 1층 (운림동)","conflicting_phones","타잔 TA-JAN","광주 동구 의재로136번길 32-1 1층 (운림동)","062-233-7677","상호 일치(공백 제외)","상세주소 일치","기존 번호 충돌·제외 사유 확인","20240117","I0000007","1"
"1332","칠우불고기","광주 동구 제봉로 194 1층 (대인동)","conflicting_phones","칠우불고기","광주 동구 제봉로 194 1층 (대인동)","062-227-1011","상호 일치(공백 제외)","상세주소 일치","기존 번호 충돌·제외 사유 확인","20240117","I0000007","1"
"1353","세이 네일(SAY NAIL)","광주 동구 동명로 47 2층 (동명동)","no_exact_match","세이 네일(say nail)","광주 동구 동명로 47 2층 (동명동)","062-400-4805","법인·기호 표기 차이","상세주소 일치","기존 번호 충돌·제외 사유 확인","20240228","I0000007","1"
"1429","더(THE)몬스터학원","광주 동구 경양로 234 118동 2층 711,716,717호(계림동,그랜드센트럴)","no_exact_match","더(the)몬스터학원","광주 동구 경양로 234 118동 2층 711,716,717호(계림동,그랜드센트럴)","062-719-4020","법인·기호 표기 차이","상세주소 일치","기존 번호 충돌·제외 사유 확인","20240730","I0000007","1"
"1438","신전떡볶이 조대점","광주 동구 필문대로287번길 15-29 (지산동)","missing_or_invalid_phone","신전떡볶이 조대점","광주 동구 필문대로287번길 15-29 1층 (지산동)","062-226-2525","상호 일치(공백 제외)","도로명·건물번호 일치 / 상세주소 차이","층·호수·건물명·괄호 위치 확인 필요","20220627","I0000007","1"
"1442","홍여사","광주 동구 필문대로192번길 3 1층 (산수동)","conflicting_phones","홍여사","광주 동구 필문대로192번길 3 1층 (산수동)","070-8131-0682","상호 일치(공백 제외)","상세주소 일치","기존 번호 충돌·제외 사유 확인","20240801","I0000007","1"
"1442","홍여사","광주 동구 필문대로192번길 3 1층 (산수동)","conflicting_phones","홍여사","광주 동구 필문대로192번길 3 1층 (산수동)","070-8594-7685","상호 일치(공백 제외)","상세주소 일치","기존 번호 충돌·제외 사유 확인","20240626","I0000007","1"
"1454","사랑채","광주 동구 의재로 49 1층(학동)","conflicting_phones","사랑채","광주 동구 의재로 49 1층(학동)","070-7614-3579","상호 일치(공백 제외)","상세주소 일치","기존 번호 충돌·제외 사유 확인 / 동일 번호가 10개 이상 상호에 등록됨: 대표/임시번호 여부 확인","20240819","I0000007","1"
"1477","신묘한곱도리식당","광주 동구 서석로 34-3 1층 (광산동)","no_exact_match","신묘한 곱도리식당","광주 동구 서석로 34-3 ,1레인보우포차 (광산동)","062-223-9239","상호 일치(공백 제외)","도로명·건물번호 일치 / 상세주소 차이","층·호수·건물명·괄호 위치 확인 필요","20230421","I0000007","1"
"1598","동명돈","광주 동구 장동로 38 1층 (동명동)","missing_or_invalid_phone","동명돈","광주 동구 장동로 38 (동명동)","062-233-3350","상호 일치(공백 제외)","도로명·건물번호 일치 / 상세주소 차이","층·호수·건물명·괄호 위치 확인 필요","20220621","I0000007","1"
"1690","BASKINBRROBBINS","광주 동구 동계로 61 1층 102호 (계림동)","no_exact_match","baskinBRrobbins","광주 동구 동계로 61 1층 102호 (계림동)","062-233-3132","법인·기호 표기 차이","상세주소 일치","기존 번호 충돌·제외 사유 확인","20250902","I0000007","1"
"1702","경진상사(OMSER)","광주 동구 서석로 지하 56 , 금남지하 상가 F동 45호~46호 (금남로1가)","no_exact_match","경진상사(Omser)","광주 동구 서석로 지하 56 , 금남지하 상가 F동 45호~46호 (금남로1가)","062-226-8168","법인·기호 표기 차이","상세주소 일치","기존 번호 충돌·제외 사유 확인","20220527","I0000007","1"
"1758","미팜(MIFARM)","광주 동구 중앙로196번길 15-33 1층(궁동)","no_exact_match","미팜(mifarm)","광주 동구 중앙로196번길 15-33 1층(궁동)","062-228-8500","법인·기호 표기 차이","상세주소 일치","기존 번호 충돌·제외 사유 확인","20230316","I0000007","1"
"1782","본죽&비빔밥CAFE광주학동점","광주 동구 제봉로 33 , 1층(학동)","no_exact_match","본죽&비빔밥cafe광주학동점","광주 동구 제봉로 33 , 1층(학동)","062-225-1888","법인·기호 표기 차이","상세주소 일치","기존 번호 충돌·제외 사유 확인","20210417","I0000007","1"
"1784","모아카서비스","광주 동구 동명로67번길 14 1층 (지산동)","no_exact_match","모이카서비스","광주 동구 동명로67번길 14 1층 (지산동)","062-523-5026","상호 1글자 차이","상세주소 일치","상호가 다르므로 동일 업체인지 확인 / 기존 번호 충돌·제외 사유 확인","20220615","I0000007","1"
"1792","임실치즈피자","광주 동구 구성로152번길 24 1층 (호남동)","no_exact_match","임실치즈피자","광주 동구 구성로152번길 24 (호남동)","062-226-9595","상호 일치(공백 제외)","도로명·건물번호 일치 / 상세주소 차이","층·호수·건물명·괄호 위치 확인 필요","20210303","I0000007","1"
"1858","주식회사아모스금남점","광주 동구 금남로 161-6 (금남로5가)","conflicting_phones","주식회사아모스금남점","광주 동구 금남로 161-6 (금남로5가)","062-224-3209","상호 일치(공백 제외)","상세주소 일치","기존 번호 충돌·제외 사유 확인","20220609","I0000007","1"
"1858","주식회사아모스금남점","광주 동구 금남로 161-6 (금남로5가)","conflicting_phones","주식회사아모스금남점","광주 동구 금남로 161-6 (금남로5가)","062-226-3209","상호 일치(공백 제외)","상세주소 일치","기존 번호 충돌·제외 사유 확인","20220609","I0000007","1"
"1935","SEE(씨)수학전문학원","광주 동구 갈마로 58 스타빌딩 401(산수동)","no_exact_match","see(씨)수학전문학원","광주 동구 갈마로 58 스타빌딩 401(산수동)","062-263-0982","법인·기호 표기 차이","상세주소 일치","기존 번호 충돌·제외 사유 확인","20210309","I0000007","1"
"2022","ROSEMARY(로즈마리)","광주 동구 충장로 102-9 (충장로1가)","no_exact_match","Rosemary(로즈마리)","광주 동구 충장로 102-9 (충장로1가)","062-225-5223","법인·기호 표기 차이","상세주소 일치","기존 번호 충돌·제외 사유 확인","20220701","I0000007","1"
"2060","하이(HIGH)보습학원","광주 동구 밤실로 152-1 3동 301층 (산수동)","no_exact_match","하이(high)보습학원","광주 동구 밤실로 152-1 3동 301층 (산수동)","062-263-9978","법인·기호 표기 차이","상세주소 일치","기존 번호 충돌·제외 사유 확인","20210420","I0000007","1"
"2140","카발레로(CABALLERO)","광주 동구 천변우로 405-7 (불로동)","no_exact_match","카발레로(Caballero)","광주 동구 천변우로 405-7 (불로동)","061-234-6176","법인·기호 표기 차이","상세주소 일치","기존 번호 충돌·제외 사유 확인 / 광주 외 지역번호: 확인 필요","20220613","I0000007","1"
"2169","더세인트(THE SAINT)","광주 동구 의재로 147 (운림동)","no_exact_match","더세인트(The Saint)","광주 동구 의재로 147 (운림동)","062-228-6676","법인·기호 표기 차이","상세주소 일치","기존 번호 충돌·제외 사유 확인","20220628","I0000007","1"
"2191","세도참고깃간","광주 동구 무등로 311 1층 (계림동)","no_exact_match","세도참고깃간","광주 동구 무등로 311 (계림동)","062-522-4482","상호 일치(공백 제외)","도로명·건물번호 일치 / 상세주소 차이","층·호수·건물명·괄호 위치 확인 필요","20220620","I0000007","1"
"2209","천연염색","광주 동구 서석로 56 지하상가 C동 14,금남로1가","no_exact_match","천연염색","광주 동구 서석로 56 지하상가 c동 14,금남로1가","062-224-6700","상호 일치(공백 제외)","도로명·건물번호 일치 / 상세주소 차이","층·호수·건물명·괄호 위치 확인 필요","20210310","I0000007","1"
"2252","앤에스테틱","광주 동구 경양로 234 상가 119동 820호 (계림동, 광주그랜드센트럴)","missing_or_invalid_phone","율에스테틱","광주 동구 경양로 234 108동 2층 426호 (계림동, 그랜드센트럴)","062-267-6958","상호 1글자 차이","도로명·건물번호 일치 / 상세주소 차이","상호가 다르므로 동일 업체인지 확인 / 층·호수·건물명·괄호 위치 확인 필요","20210309","I0000007","1"
"2263","울림(UL-LIM)","광주 동구 의재로136번길 29 ,1층 (운림동)","no_exact_match","울림(Ul-Lim)","광주 동구 의재로136번길 29 ,1층 (운림동)","062-233-6901","법인·기호 표기 차이","상세주소 일치","기존 번호 충돌·제외 사유 확인","20220629","I0000007","1"
"2286","카페더박스(CAFE THE BOX)","광주 동구 의재로136번길 26 1층 (운림동)","no_exact_match","카페더박스(cafe The Box)","광주 동구 의재로136번길 26 (운림동)","062-234-6253","법인·기호 표기 차이","도로명·건물번호 일치 / 상세주소 차이","층·호수·건물명·괄호 위치 확인 필요","20220609","I0000007","1"
"2335","머스타쥐(MUSTACHE)","광주 동구 지산로 50 1층 (지산동)","no_exact_match","머스타쥐(mustache)","광주 동구 지산로 50 1층 (지산동)","062-412-5950","법인·기호 표기 차이","상세주소 일치","기존 번호 충돌·제외 사유 확인","20210310","I0000007","1"
"2357","E해법수학, 뮤엠영어 월남학원","광주 동구 남문로 343 ,3층 302호 (월남동)","no_exact_match","e해법수학, 뮤엠영어 월남학원","광주 동구 남문로 343 ,3층 302호 (월남동)","062-233-0588","법인·기호 표기 차이","상세주소 일치","기존 번호 충돌·제외 사유 확인","20220530","I0000007","1"
"2448","디자인스카이(SKY)미술학원","광주 동구 중앙로196번길 15-18 2층(궁동)","no_exact_match","디자인스카이(sky)미술학원","광주 동구 중앙로196번길 15-18 2층(궁동)","062-222-5059","법인·기호 표기 차이","상세주소 일치","기존 번호 충돌·제외 사유 확인","20210303","I0000007","1"
"2473","아비오(AVVIO)","광주 동구 동계천로 159 (동명동)","no_exact_match","아비오(Avvio)","광주 동구 동계천로 159 (동명동)","070-7614-3579","법인·기호 표기 차이","상세주소 일치","기존 번호 충돌·제외 사유 확인 / 동일 번호가 10개 이상 상호에 등록됨: 대표/임시번호 여부 확인","20210330","I0000007","1"
"2538","순창상회","광주 동구 제봉로184번길 10 (대인동)","conflicting_phones","순창상회","광주 동구 제봉로184번길 10 (대인동)","062-222-5045","상호 일치(공백 제외)","상세주소 일치","기존 번호 충돌·제외 사유 확인","20220610","I0000007","1"
"2538","순창상회","광주 동구 제봉로184번길 10 (대인동)","conflicting_phones","순창상회","광주 동구 제봉로184번길 10 (대인동)","062-222-6617","상호 일치(공백 제외)","상세주소 일치","기존 번호 충돌·제외 사유 확인","20220531","I0000007","1"
"2541","ABLE520","광주 동구 중앙로160번길 10 (황금동,호남동72-2)","no_exact_match","Able520","광주 동구 중앙로160번길 10 (황금동,호남동72-2)","062-233-5202","법인·기호 표기 차이","상세주소 일치","기존 번호 충돌·제외 사유 확인","20220609","I0000007","1"
"2634","두껍베이커리","광주 동구 제봉로 88 1층 (서석동)","no_exact_match","유한회사 두껍베이커리","광주 동구 제봉로 88 1층 (서석동)","062-716-1410","법인·기호 표기 차이","상세주소 일치","기존 번호 충돌·제외 사유 확인","20241217","I0000007","1"
"2675","쥬뷰티살롱(JOO BEAUTY SALON)","광주 동구 동명로 57 ,1층 (동명동)","no_exact_match","쥬뷰티살롱(Joo beauty salon)","광주 동구 동명로 57 ,1층 (동명동)","070-4130-7007","법인·기호 표기 차이","상세주소 일치","기존 번호 충돌·제외 사유 확인","20220609","I0000007","1"
"2783","BASKINBRROBBINS","광주 동구 서석로 51 1층 (금남로1가)","no_exact_match","baskinBRrobbins","광주 동구 서석로 51 1층 (금남로1가)","062-232-9701","법인·기호 표기 차이","상세주소 일치","기존 번호 충돌·제외 사유 확인","20250131","I0000007","1"
"2802","행복식당","광주 동구 독립로264번길 2-1 1층 (금남로5가)","no_exact_match","다복식당","광주 동구 독립로264번길 2-1 1층 (금남로5가)","062-123-1234","상호 1글자 차이","상세주소 일치","상호가 다르므로 동일 업체인지 확인 / 기존 번호 충돌·제외 사유 확인 / 동일 번호가 10개 이상 상호에 등록됨: 대표/임시번호 여부 확인","20240517","I0000007","1"
"2806","하늘머리공방","광주 동구 장동로 15-3 (장동)","no_exact_match","하늘머리공방","광주 동구 장동로 15-3 1층 (장동)","062-251-3132","상호 일치(공백 제외)","도로명·건물번호 일치 / 상세주소 차이","층·호수·건물명·괄호 위치 확인 필요","20220608","I0000007","1"
"2906","아쿠아BY아르케지엥","광주 동구 문화전당로 35-1 , 4층 (광산동)","no_exact_match","아쿠아by아르케지엥","광주 동구 문화전당로 35-1 , 4층 (광산동)","062-226-8271","법인·기호 표기 차이","상세주소 일치","기존 번호 충돌·제외 사유 확인","20210310","I0000007","1"
"3141","컬럼비아 무등산점","광주 동구 증심사길30번길 13 컬럼비아 무등산점 (운림동)","inactive","컬럼비아무등산점","광주광역시 동구 증심사길30번길 13 (운림동) 1층","062-352-6900","상호 일치(공백 제외)","도로명·건물번호 일치 / 상세주소 차이","층·호수·건물명·괄호 위치 확인 필요","20241220","I0000002","1"
"3152","윈썸헤어","광주 동구 계림로30번길 15 ,227동 상가 1호 (계림동, 푸른길두산위브)","no_exact_match","원썸헤어","광주 동구 계림로30번길 15 ,227동 상가 1호 (계림동, 푸른길두산위브)","062-225-1202","상호 1글자 차이","상세주소 일치","상호가 다르므로 동일 업체인지 확인 / 기존 번호 충돌·제외 사유 확인","20210310","I0000007","1"
"3188","369","광주 동구 중앙로 지하 187 I동 20호 (금남로4가, 충금지하상가)","no_exact_match","369","광주 동구 중앙로 지하 187 (충장로3가,충금지하상가) I-20","062-233-6860","상호 일치(공백 제외)","도로명·건물번호 일치 / 상세주소 차이","층·호수·건물명·괄호 위치 확인 필요","20220608","I0000007","1"
"3263","태깅(TAGGING)","광주 동구 중앙로160번길 26-1 1층 (황금동)","no_exact_match","태깅(tagging)","광주 동구 중앙로160번길 26-1 1층 (황금동)","070-8612-9729","법인·기호 표기 차이","상세주소 일치","기존 번호 충돌·제외 사유 확인","20250929","I0000007","1"
"3305","광주그랜드치과","광주 동구 필문대로 179 새마을금고 3층 (산수동)","no_exact_match","광주그랜드치과","광주 동구 필문대로 179 3층 새마을금고 (산수동)","062-225-3000","상호 일치(공백 제외)","도로명·건물번호 일치 / 상세주소 차이","층·호수·건물명·괄호 위치 확인 필요","20250911","I0000007","1"
"3306","모든날","광주 동구 서남로 28 1층 (서석동)","missing_or_invalid_phone","모든날","광주광역시 동구 서남로 28 1층","032-252-8893","상호 일치(공백 제외)","도로명·건물번호 일치 / 상세주소 차이","층·호수·건물명·괄호 위치 확인 필요 / 광주 외 지역번호: 확인 필요","20250519","I0000007","1"
"3391","플로 바이 나(FLO BY NA)","광주 동구 필문대로 308 (서석동)","no_exact_match","플로 바이 나(Flo by Na)","광주 동구 필문대로 308 (서석동)","064-764-9002","법인·기호 표기 차이","상세주소 일치","기존 번호 충돌·제외 사유 확인 / 광주 외 지역번호: 확인 필요","20220608","I0000007","1"
"3437","다니엘(DANIEL)","광주 동구 중앙로160번길 36 1층 다니엘 (황금동)","no_exact_match","다니엘(Daniel)","광주 동구 중앙로160번길 36 1층 다니엘 (황금동)","062-232-0237","법인·기호 표기 차이","상세주소 일치","기존 번호 충돌·제외 사유 확인","20211213","I0000007","1"
"3507","벨에포크(BELLE EPOQUE)","광주 동구 서석로 17 ,1층 (불로동)","no_exact_match","벨에포크(belle epoque)","광주 동구 서석로 17 ,1층 (불로동)","062-226-0096","법인·기호 표기 차이","상세주소 일치","기존 번호 충돌·제외 사유 확인","20210304","I0000007","1"
"3543","윤형석애견미용학원","광주 동구 천변우로 383 (호남동)","missing_or_invalid_phone","윤형석애견미용원","광주 동구 천변우로 383 1층 (호남동)","062-676-2900","상호 1글자 차이","도로명·건물번호 일치 / 상세주소 차이","상호가 다르므로 동일 업체인지 확인 / 층·호수·건물명·괄호 위치 확인 필요","20220706","I0000007","1"
"3558","시크릿","광주 동구 서석로10번길 6 2층 3층 4층 (불로동)","no_exact_match","시크릿","광주 동구 서석로10번길 6 ,1층 (불로동)","070-7614-3579","상호 일치(공백 제외)","도로명·건물번호 일치 / 상세주소 차이","층·호수·건물명·괄호 위치 확인 필요 / 동일 번호가 10개 이상 상호에 등록됨: 대표/임시번호 여부 확인","20230215","I0000007","1"
"3571","비에이치씨(BHC)치킨","광주 동구 지산로 29 (지산동)","no_exact_match","비에이치씨(bhc)치킨","광주 동구 지산로 29 (지산동)","062-222-9280","법인·기호 표기 차이","상세주소 일치","기존 번호 충돌·제외 사유 확인","20210309","I0000007","1"
"3617","으네로브(EUNEROVE)","광주 동구 무등로375번길 24 1층(계림동)","no_exact_match","으네로브(eunerove)","광주 동구 무등로375번길 24 1층(계림동)","070-7723-4998","법인·기호 표기 차이","상세주소 일치","기존 번호 충돌·제외 사유 확인","20250212","I0000007","1"
"3631","위트앤드(WHEAT AND)","광주 동구 백서로 174 1층 (서석동)","no_exact_match","위트앤드(Wheat and)","광주 동구 백서로 174 1층 (서석동)","062-227-1177","법인·기호 표기 차이","상세주소 일치","기존 번호 충돌·제외 사유 확인","20210316","I0000007","1"
"3654","7번가피자 충장로점","광주 동구 충장로안길 12 ,2층 (황금동)","conflicting_phones","7번가피자 충장로점","광주 동구 충장로안길 12 ,2층 (황금동)","062-227-7799","상호 일치(공백 제외)","상세주소 일치","기존 번호 충돌·제외 사유 확인","20220627","I0000007","1"
"3654","7번가피자 충장로점","광주 동구 충장로안길 12 ,2층 (황금동)","conflicting_phones","7번가피자충장로점","광주 동구 충장로안길 12 ,2층 (황금동)","070-4940-0523","상호 일치(공백 제외)","상세주소 일치","기존 번호 충돌·제외 사유 확인","20220727","I0000007","1"
"3664","MEL","광주 동구 무등로307번길 18-2 1,2층(계림동)","no_exact_match","Mel","광주 동구 무등로307번길 18-2 1,2층(계림동)","062-710-5523","법인·기호 표기 차이","상세주소 일치","기존 번호 충돌·제외 사유 확인","20221118","I0000007","1"
"3948","미리아드(MYRIADE)","광주 동구 동계천로 135 1층 (동명동)","no_exact_match","미리아드(Myriade)","광주 동구 동계천로 135 1층 (동명동)","062-234-8208","법인·기호 표기 차이","상세주소 일치","기존 번호 충돌·제외 사유 확인","20221202","I0000007","1"
